{
  "numPoints": 3336390,
  "bounds": {
    "xMin": -699.6225353080665,
    "xMax": 696.8821479725902,
    "yMin": -642.7670628186407,
    "yMax": 666.5737228704124
  },
  "densityGrid": {
    "size": 1024,
    "bounds": {
      "xMin": -713.5875821408731,
      "xMax": 710.8471948053968,
      "yMin": -655.8604706755312,
      "yMax": 679.667130727303
    }
  }
}